fpga/build_tangnano20k_sweep.bat	fpga/archive/arria10_super_line/scripts/build_tangnano20k_sweep.bat
fpga/host_bridge_bram_icm.tcl	fpga/archive/arria10_super_line/scripts/host_bridge_bram_icm.tcl
fpga/host_bridge_dsp.tcl	fpga/archive/arria10_super_line/scripts/host_bridge_dsp.tcl
fpga/host_bridge_sentinel_gather.tcl	fpga/archive/arria10_super_line/scripts/host_bridge_sentinel_gather.tcl
fpga/quartus/Unicell-Q-accumulator-pulse-mode-test-v1.qsf	fpga/archive/arria10_super_line/quartus/Unicell-Q-accumulator-pulse-mode-test-v1.qsf
fpga/quartus/Unicell-Q-adder-chain50-v1.qsf	fpga/archive/arria10_super_line/quartus/Unicell-Q-adder-chain50-v1.qsf
fpga/quartus/Unicell-Q-adder-subtract-test-v1.qsf	fpga/archive/arria10_super_line/quartus/Unicell-Q-adder-subtract-test-v1.qsf
fpga/quartus/Unicell-Q-bram-controller-test-v1.qsf	fpga/archive/arria10_super_line/quartus/Unicell-Q-bram-controller-test-v1.qsf
fpga/quartus/Unicell-Q-bram-icm-hostbridge-v1.qsf	fpga/archive/arria10_super_line/quartus/Unicell-Q-bram-icm-hostbridge-v1.qsf
fpga/quartus/Unicell-Q-branch-cell-test-v1.qsf	fpga/archive/arria10_super_line/quartus/Unicell-Q-branch-cell-test-v1.qsf
fpga/quartus/Unicell-Q-collector-mechanism-v1.qsf	fpga/archive/arria10_super_line/quartus/Unicell-Q-collector-mechanism-v1.qsf
fpga/quartus/Unicell-Q-dsp-chain-v1.qsf	fpga/archive/arria10_super_line/quartus/Unicell-Q-dsp-chain-v1.qsf
fpga/quartus/Unicell-Q-full-tree-system-v1.qsf	fpga/archive/arria10_super_line/quartus/Unicell-Q-full-tree-system-v1.qsf
fpga/quartus/Unicell-Q-latch-toggle-test-v1.qsf	fpga/archive/arria10_super_line/quartus/Unicell-Q-latch-toggle-test-v1.qsf
fpga/quartus/Unicell-Q-ram-chain50-v1.qsf	fpga/archive/arria10_super_line/quartus/Unicell-Q-ram-chain50-v1.qsf
fpga/quartus/Unicell-Q-sentinel-gather-shared-bram-v1.qsf	fpga/archive/arria10_super_line/quartus/Unicell-Q-sentinel-gather-shared-bram-v1.qsf
fpga/quartus/Unicell-Q-sentinel-gather-shared-bram-v2.qsf	fpga/archive/arria10_super_line/quartus/Unicell-Q-sentinel-gather-shared-bram-v2.qsf
fpga/quartus/Unicell-Q-sentinel-gather-shared-bram-v3.qsf	fpga/archive/arria10_super_line/quartus/Unicell-Q-sentinel-gather-shared-bram-v3.qsf
fpga/quartus/Unicell-Q-sentinel-issp-test-v1.qsf	fpga/archive/arria10_super_line/quartus/Unicell-Q-sentinel-issp-test-v1.qsf
fpga/quartus/Unicell-Q-stripped-grid5x5-both-v2.qsf	fpga/archive/arria10_super_line/quartus/Unicell-Q-stripped-grid5x5-both-v2.qsf
fpga/quartus/Unicell-Q-stripped-grid5x5-both.qsf	fpga/archive/arria10_super_line/quartus/Unicell-Q-stripped-grid5x5-both.qsf
fpga/quartus/Unicell-Q-stripped-grid5x5-cardinal.qsf	fpga/archive/arria10_super_line/quartus/Unicell-Q-stripped-grid5x5-cardinal.qsf
fpga/quartus/Unicell-Q-stripped-grid5x5-command.qsf	fpga/archive/arria10_super_line/quartus/Unicell-Q-stripped-grid5x5-command.qsf
fpga/quartus/Unicell-Q-stripped-grid5x5-wrapper.qsf	fpga/archive/arria10_super_line/quartus/Unicell-Q-stripped-grid5x5-wrapper.qsf
fpga/quartus/Unicell-Q-stripped-grid5x5.qsf	fpga/archive/arria10_super_line/quartus/Unicell-Q-stripped-grid5x5.qsf
fpga/quartus/Unicell-Q-stripped-test.qsf	fpga/archive/arria10_super_line/quartus/Unicell-Q-stripped-test.qsf
fpga/quartus/Unicell-Q-stripped-zone240-v1.qsf	fpga/archive/arria10_super_line/quartus/Unicell-Q-stripped-zone240-v1.qsf
fpga/quartus/Unicell-Q-stripped-zone50.qsf	fpga/archive/arria10_super_line/quartus/Unicell-Q-stripped-zone50.qsf
fpga/quartus/Unicell-Q-stripped-zone750-v2.qsf	fpga/archive/arria10_super_line/quartus/Unicell-Q-stripped-zone750-v2.qsf
fpga/quartus/Unicell-Q-stripped-zone750-v3.qsf	fpga/archive/arria10_super_line/quartus/Unicell-Q-stripped-zone750-v3.qsf
fpga/quartus/Unicell-Q-stripped-zone750-v4.qsf	fpga/archive/arria10_super_line/quartus/Unicell-Q-stripped-zone750-v4.qsf
fpga/quartus/Unicell-Q-stripped-zone750-v5-optmode.qsf	fpga/archive/arria10_super_line/quartus/Unicell-Q-stripped-zone750-v5-optmode.qsf
fpga/quartus/Unicell-Q-stripped-zone750-v5-progw-tiedoff.qsf	fpga/archive/arria10_super_line/quartus/Unicell-Q-stripped-zone750-v5-progw-tiedoff.qsf
fpga/quartus/Unicell-Q-stripped-zone750-v5.qsf	fpga/archive/arria10_super_line/quartus/Unicell-Q-stripped-zone750-v5.qsf
fpga/quartus/Unicell-Q-stripped-zone750.qsf	fpga/archive/arria10_super_line/quartus/Unicell-Q-stripped-zone750.qsf
fpga/quartus/Unicell-Q-super-carrier-v1.qsf	fpga/archive/arria10_super_line/quartus/Unicell-Q-super-carrier-v1.qsf
fpga/quartus/Unicell-Q-super-carrier-v2.qsf	fpga/archive/arria10_super_line/quartus/Unicell-Q-super-carrier-v2.qsf
fpga/quartus/Unicell-Q-super-nano-feedback-test-v1.qsf	fpga/archive/arria10_super_line/quartus/Unicell-Q-super-nano-feedback-test-v1.qsf
fpga/quartus/bram_controller_test.sdc	fpga/archive/arria10_super_line/quartus/bram_controller_test.sdc
fpga/quartus/debug_issp_poll.tcl	fpga/archive/arria10_super_line/quartus/debug_issp_poll.tcl
fpga/quartus/debug_issp_read.tcl	fpga/archive/arria10_super_line/quartus/debug_issp_read.tcl
fpga/quartus/full_tree_system.sdc	fpga/archive/arria10_super_line/quartus/full_tree_system.sdc
fpga/quartus/sentinel_issp_test.sdc	fpga/archive/arria10_super_line/quartus/sentinel_issp_test.sdc
fpga/quartus/stripped_adder_chain50.sdc	fpga/archive/arria10_super_line/quartus/stripped_adder_chain50.sdc
fpga/quartus/stripped_grid5x5.sdc	fpga/archive/arria10_super_line/quartus/stripped_grid5x5.sdc
fpga/quartus/stripped_grid5x5_both.sdc	fpga/archive/arria10_super_line/quartus/stripped_grid5x5_both.sdc
fpga/quartus/stripped_grid5x5_both_v2.sdc	fpga/archive/arria10_super_line/quartus/stripped_grid5x5_both_v2.sdc
fpga/quartus/stripped_grid5x5_cardinal.sdc	fpga/archive/arria10_super_line/quartus/stripped_grid5x5_cardinal.sdc
fpga/quartus/stripped_grid5x5_command.sdc	fpga/archive/arria10_super_line/quartus/stripped_grid5x5_command.sdc
fpga/quartus/stripped_grid5x5_wrapper.sdc	fpga/archive/arria10_super_line/quartus/stripped_grid5x5_wrapper.sdc
fpga/quartus/stripped_ram_chain50.sdc	fpga/archive/arria10_super_line/quartus/stripped_ram_chain50.sdc
fpga/quartus/stripped_test.sdc	fpga/archive/arria10_super_line/quartus/stripped_test.sdc
fpga/quartus/stripped_zone50.sdc	fpga/archive/arria10_super_line/quartus/stripped_zone50.sdc
fpga/quartus/stripped_zone750.sdc	fpga/archive/arria10_super_line/quartus/stripped_zone750.sdc
fpga/quartus/top_accumulator_pulse_mode_test_v1.qsf	fpga/archive/arria10_super_line/quartus/top_accumulator_pulse_mode_test_v1.qsf
fpga/quartus/top_accumulator_pulse_mode_test_v1.sdc	fpga/archive/arria10_super_line/quartus/top_accumulator_pulse_mode_test_v1.sdc
fpga/quartus/top_adder_subtract_test_v1.qsf	fpga/archive/arria10_super_line/quartus/top_adder_subtract_test_v1.qsf
fpga/quartus/top_adder_subtract_test_v1.sdc	fpga/archive/arria10_super_line/quartus/top_adder_subtract_test_v1.sdc
fpga/quartus/top_bram_icm_hostbridge_v1.sdc	fpga/archive/arria10_super_line/quartus/top_bram_icm_hostbridge_v1.sdc
fpga/quartus/top_branch_cell_test_v1.sdc	fpga/archive/arria10_super_line/quartus/top_branch_cell_test_v1.sdc
fpga/quartus/top_collector_mechanism_v1.sdc	fpga/archive/arria10_super_line/quartus/top_collector_mechanism_v1.sdc
fpga/quartus/top_compare_test_v1.qsf	fpga/archive/arria10_super_line/quartus/top_compare_test_v1.qsf
fpga/quartus/top_compare_test_v1.sdc	fpga/archive/arria10_super_line/quartus/top_compare_test_v1.sdc
fpga/quartus/top_dsp_chain_v1.sdc	fpga/archive/arria10_super_line/quartus/top_dsp_chain_v1.sdc
fpga/quartus/top_latch_toggle_test_v1.qsf	fpga/archive/arria10_super_line/quartus/top_latch_toggle_test_v1.qsf
fpga/quartus/top_latch_toggle_test_v1.sdc	fpga/archive/arria10_super_line/quartus/top_latch_toggle_test_v1.sdc
fpga/quartus/top_moat_tile_v1.qsf	fpga/archive/arria10_super_line/quartus/top_moat_tile_v1.qsf
fpga/quartus/top_moat_tile_v1.sdc	fpga/archive/arria10_super_line/quartus/top_moat_tile_v1.sdc
fpga/quartus/top_moat_tile_v1_nolock.qsf	fpga/archive/arria10_super_line/quartus/top_moat_tile_v1_nolock.qsf
fpga/quartus/top_sentinel_discrete_test_v2.sdc	fpga/archive/arria10_super_line/quartus/top_sentinel_discrete_test_v2.sdc
fpga/quartus/top_sentinel_gather_shared_bram_v1.sdc	fpga/archive/arria10_super_line/quartus/top_sentinel_gather_shared_bram_v1.sdc
fpga/quartus/top_sentinel_gather_shared_bram_v2.sdc	fpga/archive/arria10_super_line/quartus/top_sentinel_gather_shared_bram_v2.sdc
fpga/quartus/top_sentinel_gather_shared_bram_v3.sdc	fpga/archive/arria10_super_line/quartus/top_sentinel_gather_shared_bram_v3.sdc
fpga/quartus/top_super_nano_feedback_test_v1.qsf	fpga/archive/arria10_super_line/quartus/top_super_nano_feedback_test_v1.qsf
fpga/quartus/top_super_nano_feedback_test_v1.sdc	fpga/archive/arria10_super_line/quartus/top_super_nano_feedback_test_v1.sdc
fpga/quartus/top_super_v3_branch_test_v1.qsf	fpga/archive/arria10_super_line/quartus/top_super_v3_branch_test_v1.qsf
fpga/quartus/top_super_v3_branch_test_v1.sdc	fpga/archive/arria10_super_line/quartus/top_super_v3_branch_test_v1.sdc
fpga/quartus/top_unicell_super_test_v1.sdc	fpga/archive/arria10_super_line/quartus/top_unicell_super_test_v1.sdc
fpga/quartus/top_unicell_super_test_v2.sdc	fpga/archive/arria10_super_line/quartus/top_unicell_super_test_v2.sdc
fpga/quartus/top_unicell_super_test_v3.qsf	fpga/archive/arria10_super_line/quartus/top_unicell_super_test_v3.qsf
fpga/quartus/top_unicell_super_test_v3.sdc	fpga/archive/arria10_super_line/quartus/top_unicell_super_test_v3.sdc
fpga/quartus/top_unicell_super_test_v4.qsf	fpga/archive/arria10_super_line/quartus/top_unicell_super_test_v4.qsf
fpga/quartus/top_unicell_super_test_v4.sdc	fpga/archive/arria10_super_line/quartus/top_unicell_super_test_v4.sdc
fpga/quartus/top_unicell_super_test_v5.qsf	fpga/archive/arria10_super_line/quartus/top_unicell_super_test_v5.qsf
fpga/quartus/top_unicell_super_test_v5.sdc	fpga/archive/arria10_super_line/quartus/top_unicell_super_test_v5.sdc
fpga/quartus/top_unicell_super_test_v6.qsf	fpga/archive/arria10_super_line/quartus/top_unicell_super_test_v6.qsf
fpga/quartus/top_unicell_super_test_v6.sdc	fpga/archive/arria10_super_line/quartus/top_unicell_super_test_v6.sdc
fpga/quartus/top_unicell_super_test_v7.qsf	fpga/archive/arria10_super_line/quartus/top_unicell_super_test_v7.qsf
fpga/quartus/top_unicell_super_test_v7.sdc	fpga/archive/arria10_super_line/quartus/top_unicell_super_test_v7.sdc
fpga/quartus/top_unicell_super_test_v8.qsf	fpga/archive/arria10_super_line/quartus/top_unicell_super_test_v8.qsf
fpga/quartus/top_unicell_super_test_v8.sdc	fpga/archive/arria10_super_line/quartus/top_unicell_super_test_v8.sdc
fpga/quartus/top_unicell_super_test_v9.qsf	fpga/archive/arria10_super_line/quartus/top_unicell_super_test_v9.qsf
fpga/quartus/top_unicell_super_test_v9.sdc	fpga/archive/arria10_super_line/quartus/top_unicell_super_test_v9.sdc
fpga/quartus/top_unicell_super_v3_freeinput_v1.qsf	fpga/archive/arria10_super_line/quartus/top_unicell_super_v3_freeinput_v1.qsf
fpga/quartus/top_unicell_super_v3_freeinput_v1.sdc	fpga/archive/arria10_super_line/quartus/top_unicell_super_v3_freeinput_v1.sdc
fpga/sentinel_issp.tcl	fpga/archive/arria10_super_line/scripts/sentinel_issp.tcl
fpga/verilog/accumulator_cell/accumulator_cell_v1.v	fpga/archive/arria10_super_line/verilog/accumulator_cell/accumulator_cell_v1.v
fpga/verilog/accumulator_cell/accumulator_cell_v2.v	fpga/archive/arria10_super_line/verilog/accumulator_cell/accumulator_cell_v2.v
fpga/verilog/accumulator_cell/accumulator_cell_v3.v	fpga/archive/arria10_super_line/verilog/accumulator_cell/accumulator_cell_v3.v
fpga/verilog/accumulator_cell/tb_accumulator_cell_v1.v	fpga/archive/arria10_super_line/verilog/accumulator_cell/tb_accumulator_cell_v1.v
fpga/verilog/accumulator_cell/tb_accumulator_v2_diff_v1.v	fpga/archive/arria10_super_line/verilog/accumulator_cell/tb_accumulator_v2_diff_v1.v
fpga/verilog/accumulator_cell/tb_accumulator_v3_diff_v1.v	fpga/archive/arria10_super_line/verilog/accumulator_cell/tb_accumulator_v3_diff_v1.v
fpga/verilog/adder_cell/adder_cell_v1.v	fpga/archive/arria10_super_line/verilog/adder_cell/adder_cell_v1.v
fpga/verilog/adder_cell/adder_cell_v2.v	fpga/archive/arria10_super_line/verilog/adder_cell/adder_cell_v2.v
fpga/verilog/adder_cell/adder_cell_v3.v	fpga/archive/arria10_super_line/verilog/adder_cell/adder_cell_v3.v
fpga/verilog/adder_cell/tb_adder_cell_v1.v	fpga/archive/arria10_super_line/verilog/adder_cell/tb_adder_cell_v1.v
fpga/verilog/adder_cell/tb_adder_v2_diff_v1.v	fpga/archive/arria10_super_line/verilog/adder_cell/tb_adder_v2_diff_v1.v
fpga/verilog/adder_cell/tb_adder_v3_diff_v1.v	fpga/archive/arria10_super_line/verilog/adder_cell/tb_adder_v3_diff_v1.v
fpga/verilog/addr_counter/addr_counter_v1.v	fpga/archive/arria10_super_line/verilog/addr_counter/addr_counter_v1.v
fpga/verilog/addr_counter/tb_addr_counter_v1.v	fpga/archive/arria10_super_line/verilog/addr_counter/tb_addr_counter_v1.v
fpga/verilog/bram_controller/bram_controller_v1.v	fpga/archive/arria10_super_line/verilog/bram_controller/bram_controller_v1.v
fpga/verilog/bram_controller/bram_controller_v2.v	fpga/archive/arria10_super_line/verilog/bram_controller/bram_controller_v2.v
fpga/verilog/bram_controller/tb_bram_controller_v1.v	fpga/archive/arria10_super_line/verilog/bram_controller/tb_bram_controller_v1.v
fpga/verilog/bram_controller/tb_bram_controller_v2.v	fpga/archive/arria10_super_line/verilog/bram_controller/tb_bram_controller_v2.v
fpga/verilog/branch_cell/branch_cell_v1.v	fpga/archive/arria10_super_line/verilog/branch_cell/branch_cell_v1.v
fpga/verilog/branch_cell/branch_cell_v2.v	fpga/archive/arria10_super_line/verilog/branch_cell/branch_cell_v2.v
fpga/verilog/branch_cell/branch_cell_v3.v	fpga/archive/arria10_super_line/verilog/branch_cell/branch_cell_v3.v
fpga/verilog/branch_cell/tb_branch_v2_diff_v1.v	fpga/archive/arria10_super_line/verilog/branch_cell/tb_branch_v2_diff_v1.v
fpga/verilog/branch_cell/tb_branch_v3_diff_v1.v	fpga/archive/arria10_super_line/verilog/branch_cell/tb_branch_v3_diff_v1.v
fpga/verilog/cascade_counter/tb_cascade_counter_v1.v	fpga/archive/arria10_super_line/verilog/cascade_counter/tb_cascade_counter_v1.v
fpga/verilog/cell_cardinal_cmd/cell_cardinal_cmd_v1.v	fpga/archive/arria10_super_line/verilog/cell_cardinal_cmd/cell_cardinal_cmd_v1.v
fpga/verilog/cell_command_sequencer/cell_command_sequencer_v1.v	fpga/archive/arria10_super_line/verilog/cell_command_sequencer/cell_command_sequencer_v1.v
fpga/verilog/cell_command_sequencer/cell_command_v1.v	fpga/archive/arria10_super_line/verilog/cell_command_sequencer/cell_command_v1.v
fpga/verilog/cell_wrapper/cell_wrapper_v1.v	fpga/archive/arria10_super_line/verilog/cell_wrapper/cell_wrapper_v1.v
fpga/verilog/cell_wrapper/cell_wrapper_v2.v	fpga/archive/arria10_super_line/verilog/cell_wrapper/cell_wrapper_v2.v
fpga/verilog/collector_relay/collector_relay_v1.v	fpga/archive/arria10_super_line/verilog/collector_relay/collector_relay_v1.v
fpga/verilog/combiner_cell/combiner_cell_v1.v	fpga/archive/arria10_super_line/verilog/combiner_cell/combiner_cell_v1.v
fpga/verilog/combiner_cell/combiner_cell_v2.v	fpga/archive/arria10_super_line/verilog/combiner_cell/combiner_cell_v2.v
fpga/verilog/combiner_cell/tb_combiner_cell_v1.v	fpga/archive/arria10_super_line/verilog/combiner_cell/tb_combiner_cell_v1.v
fpga/verilog/combiner_cell/tb_combiner_cell_v2_regression.v	fpga/archive/arria10_super_line/verilog/combiner_cell/tb_combiner_cell_v2_regression.v
fpga/verilog/combiner_relay/combiner_relay_v1.v	fpga/archive/arria10_super_line/verilog/combiner_relay/combiner_relay_v1.v
fpga/verilog/combiner_tree2/tb_combiner_tree2_v1.v	fpga/archive/arria10_super_line/verilog/combiner_tree2/tb_combiner_tree2_v1.v
fpga/verilog/compare_cell/compare_cell_v1.v	fpga/archive/arria10_super_line/verilog/compare_cell/compare_cell_v1.v
fpga/verilog/compare_cell/compare_cell_v2.v	fpga/archive/arria10_super_line/verilog/compare_cell/compare_cell_v2.v
fpga/verilog/compare_cell/compare_cell_v3.v	fpga/archive/arria10_super_line/verilog/compare_cell/compare_cell_v3.v
fpga/verilog/compare_cell/tb_compare_cell_v1.v	fpga/archive/arria10_super_line/verilog/compare_cell/tb_compare_cell_v1.v
fpga/verilog/compare_cell/tb_compare_v2_diff_v1.v	fpga/archive/arria10_super_line/verilog/compare_cell/tb_compare_v2_diff_v1.v
fpga/verilog/compare_cell/tb_compare_v3_diff_v1.v	fpga/archive/arria10_super_line/verilog/compare_cell/tb_compare_v3_diff_v1.v
fpga/verilog/debug_issp_probe/debug_issp_probe_v1.v	fpga/archive/arria10_super_line/verilog/debug_issp_probe/debug_issp_probe_v1.v
fpga/verilog/divide_repeated_subtract/tb_divide_repeated_subtract_v1.v	fpga/archive/arria10_super_line/verilog/divide_repeated_subtract/tb_divide_repeated_subtract_v1.v
fpga/verilog/dsp_add_wrapper/dsp_add_wrapper_v1.v	fpga/archive/arria10_super_line/verilog/dsp_add_wrapper/dsp_add_wrapper_v1.v
fpga/verilog/dsp_arith_wrapper/dsp_arith_wrapper_v1.v	fpga/archive/arria10_super_line/verilog/dsp_arith_wrapper/dsp_arith_wrapper_v1.v
fpga/verilog/dsp_compare_wrapper/dsp_compare_wrapper_v1.v	fpga/archive/arria10_super_line/verilog/dsp_compare_wrapper/dsp_compare_wrapper_v1.v
fpga/verilog/full_distribution_system/tb_full_distribution_system_v1.v	fpga/archive/arria10_super_line/verilog/full_distribution_system/tb_full_distribution_system_v1.v
fpga/verilog/full_tree_system/tb_full_tree_system_v1.v	fpga/archive/arria10_super_line/verilog/full_tree_system/tb_full_tree_system_v1.v
fpga/verilog/grid5x5_both/tb_grid5x5_both_v2_freeze.v	fpga/archive/arria10_super_line/verilog/grid5x5_both/tb_grid5x5_both_v2_freeze.v
fpga/verilog/host_bridge_bram_icm/host_bridge_bram_icm_v1.v	fpga/archive/arria10_super_line/verilog/host_bridge_bram_icm/host_bridge_bram_icm_v1.v
fpga/verilog/host_bridge_dsp/host_bridge_dsp_v1.v	fpga/archive/arria10_super_line/verilog/host_bridge_dsp/host_bridge_dsp_v1.v
fpga/verilog/host_bridge_sentinel_gather/host_bridge_sentinel_gather_v1.v	fpga/archive/arria10_super_line/verilog/host_bridge_sentinel_gather/host_bridge_sentinel_gather_v1.v
fpga/verilog/lane_combine_tree/tb_lane_combine_tree_v1.v	fpga/archive/arria10_super_line/verilog/lane_combine_tree/tb_lane_combine_tree_v1.v
fpga/verilog/latch_cell/latch_cell_v1.v	fpga/archive/arria10_super_line/verilog/latch_cell/latch_cell_v1.v
fpga/verilog/latch_cell/latch_cell_v2.v	fpga/archive/arria10_super_line/verilog/latch_cell/latch_cell_v2.v
fpga/verilog/latch_cell/latch_cell_v3.v	fpga/archive/arria10_super_line/verilog/latch_cell/latch_cell_v3.v
fpga/verilog/latch_cell/tb_latch_cell_v1.v	fpga/archive/arria10_super_line/verilog/latch_cell/tb_latch_cell_v1.v
fpga/verilog/latch_cell/tb_latch_v2_diff_v1.v	fpga/archive/arria10_super_line/verilog/latch_cell/tb_latch_v2_diff_v1.v
fpga/verilog/latch_cell/tb_latch_v3_diff_v1.v	fpga/archive/arria10_super_line/verilog/latch_cell/tb_latch_v3_diff_v1.v
fpga/verilog/mem_counter_sync/tb_mem_counter_sync_v1.v	fpga/archive/arria10_super_line/verilog/mem_counter_sync/tb_mem_counter_sync_v1.v
fpga/verilog/mem_interface_cell/mem_interface_cell_v1.v	fpga/archive/arria10_super_line/verilog/mem_interface_cell/mem_interface_cell_v1.v
fpga/verilog/mem_interface_cell/tb_mem_interface_cell_v1.v	fpga/archive/arria10_super_line/verilog/mem_interface_cell/tb_mem_interface_cell_v1.v
fpga/verilog/mem_read_splitter/mem_read_splitter_v1.v	fpga/archive/arria10_super_line/verilog/mem_read_splitter/mem_read_splitter_v1.v
fpga/verilog/mem_read_splitter/mem_read_splitter_v1_ext.v	fpga/archive/arria10_super_line/verilog/mem_read_splitter/mem_read_splitter_v1_ext.v
fpga/verilog/mem_read_splitter/mem_read_splitter_v1_test.v	fpga/archive/arria10_super_line/verilog/mem_read_splitter/mem_read_splitter_v1_test.v
fpga/verilog/mem_read_splitter/tb_mem_read_splitter_v1.v	fpga/archive/arria10_super_line/verilog/mem_read_splitter/tb_mem_read_splitter_v1.v
fpga/verilog/multiply_repeated_add/tb_multiply_repeated_add_v1.v	fpga/archive/arria10_super_line/verilog/multiply_repeated_add/tb_multiply_repeated_add_v1.v
fpga/verilog/mux_cell/mux_cell_v1.v	fpga/archive/arria10_super_line/verilog/mux_cell/mux_cell_v1.v
fpga/verilog/mux_cell/tb_mux_cell_v1.v	fpga/archive/arria10_super_line/verilog/mux_cell/tb_mux_cell_v1.v
fpga/verilog/mux_tree2/tb_mux_tree2_v1.v	fpga/archive/arria10_super_line/verilog/mux_tree2/tb_mux_tree2_v1.v
fpga/verilog/nano_adder_loop/tb_nano_v3_diff_v1.v	fpga/archive/arria10_super_line/verilog/nano_adder_loop/tb_nano_v3_diff_v1.v
fpga/verilog/nano_loop_variable/tb_nano_loop_variable_v1.v	fpga/archive/arria10_super_line/verilog/nano_loop_variable/tb_nano_loop_variable_v1.v
fpga/verilog/ram_cell/ram_cell_v1.v	fpga/archive/arria10_super_line/verilog/ram_cell/ram_cell_v1.v
fpga/verilog/ram_cell/ram_cell_v2.v	fpga/archive/arria10_super_line/verilog/ram_cell/ram_cell_v2.v
fpga/verilog/ram_cell/ram_cell_v3.v	fpga/archive/arria10_super_line/verilog/ram_cell/ram_cell_v3.v
fpga/verilog/ram_cell/tb_ram_cell_v1_chain.v	fpga/archive/arria10_super_line/verilog/ram_cell/tb_ram_cell_v1_chain.v
fpga/verilog/ram_cell/tb_ram_cell_v1_fixed.v	fpga/archive/arria10_super_line/verilog/ram_cell/tb_ram_cell_v1_fixed.v
fpga/verilog/ram_cell/tb_ram_cell_v1_freeze.v	fpga/archive/arria10_super_line/verilog/ram_cell/tb_ram_cell_v1_freeze.v
fpga/verilog/ram_cell/tb_ram_v2_diff_v1.v	fpga/archive/arria10_super_line/verilog/ram_cell/tb_ram_v2_diff_v1.v
fpga/verilog/ram_cell/tb_ram_v3_diff_v1.v	fpga/archive/arria10_super_line/verilog/ram_cell/tb_ram_v3_diff_v1.v
fpga/verilog/sentinel_counter/sentinel_counter_v1.v	fpga/archive/arria10_super_line/verilog/sentinel_counter/sentinel_counter_v1.v
fpga/verilog/sentinel_counter/sentinel_counter_v2.v	fpga/archive/arria10_super_line/verilog/sentinel_counter/sentinel_counter_v2.v
fpga/verilog/sentinel_counter/tb_sentinel_counter_v1.v	fpga/archive/arria10_super_line/verilog/sentinel_counter/tb_sentinel_counter_v1.v
fpga/verilog/sentinel_counter/tb_sentinel_counter_v2.v	fpga/archive/arria10_super_line/verilog/sentinel_counter/tb_sentinel_counter_v2.v
fpga/verilog/sentinel_discrete_decomposition/tb_sentinel_discrete_decomposition_v1.v	fpga/archive/arria10_super_line/verilog/sentinel_discrete_decomposition/tb_sentinel_discrete_decomposition_v1.v
fpga/verilog/sentinel_discrete_full/tb_sentinel_discrete_full_v1.v	fpga/archive/arria10_super_line/verilog/sentinel_discrete_full/tb_sentinel_discrete_full_v1.v
fpga/verilog/sentinel_issp_bridge/sentinel_issp_bridge_v1.v	fpga/archive/arria10_super_line/verilog/sentinel_issp_bridge/sentinel_issp_bridge_v1.v
fpga/verilog/sentinel_issp_bridge/tb_sentinel_issp_bridge_v1.v	fpga/archive/arria10_super_line/verilog/sentinel_issp_bridge/tb_sentinel_issp_bridge_v1.v
fpga/verilog/sequencer_cell/sequencer_cell_v1.v	fpga/archive/arria10_super_line/verilog/sequencer_cell/sequencer_cell_v1.v
fpga/verilog/sequencer_cell/sequencer_cell_v2.v	fpga/archive/arria10_super_line/verilog/sequencer_cell/sequencer_cell_v2.v
fpga/verilog/sequencer_cell/sequencer_cell_v3.v	fpga/archive/arria10_super_line/verilog/sequencer_cell/sequencer_cell_v3.v
fpga/verilog/sequencer_cell/tb_sequencer_v2_diff_v1.v	fpga/archive/arria10_super_line/verilog/sequencer_cell/tb_sequencer_v2_diff_v1.v
fpga/verilog/sequencer_cell/tb_sequencer_v3_diff_v1.v	fpga/archive/arria10_super_line/verilog/sequencer_cell/tb_sequencer_v3_diff_v1.v
fpga/verilog/shared_bram_arbiter/shared_bram_arbiter_v1.v	fpga/archive/arria10_super_line/verilog/shared_bram_arbiter/shared_bram_arbiter_v1.v
fpga/verilog/shared_bram_arbiter/tb_shared_bram_arbiter_v1.v	fpga/archive/arria10_super_line/verilog/shared_bram_arbiter/tb_shared_bram_arbiter_v1.v
fpga/verilog/single_memory_interface/tb_single_memory_interface_v1.v	fpga/archive/arria10_super_line/verilog/single_memory_interface/tb_single_memory_interface_v1.v
fpga/verilog/stripped/tb_stripped_v1_2cell.v	fpga/archive/arria10_super_line/verilog/stripped/tb_stripped_v1_2cell.v
fpga/verilog/stripped/tb_stripped_v1_armed.v	fpga/archive/arria10_super_line/verilog/stripped/tb_stripped_v1_armed.v
fpga/verilog/stripped/tb_stripped_v1_branch.v	fpga/archive/arria10_super_line/verilog/stripped/tb_stripped_v1_branch.v
fpga/verilog/stripped/tb_stripped_v1_command_e2e.v	fpga/archive/arria10_super_line/verilog/stripped/tb_stripped_v1_command_e2e.v
fpga/verilog/stripped/tb_stripped_v1_commandcell.v	fpga/archive/arria10_super_line/verilog/stripped/tb_stripped_v1_commandcell.v
fpga/verilog/stripped/tb_stripped_v1_dynroute_gate.v	fpga/archive/arria10_super_line/verilog/stripped/tb_stripped_v1_dynroute_gate.v
fpga/verilog/stripped/tb_stripped_v1_feedback.v	fpga/archive/arria10_super_line/verilog/stripped/tb_stripped_v1_feedback.v
fpga/verilog/stripped/tb_stripped_v1_hold.v	fpga/archive/arria10_super_line/verilog/stripped/tb_stripped_v1_hold.v
fpga/verilog/stripped/tb_stripped_v1_memcell.v	fpga/archive/arria10_super_line/verilog/stripped/tb_stripped_v1_memcell.v
fpga/verilog/stripped/tb_stripped_v1_multicast.v	fpga/archive/arria10_super_line/verilog/stripped/tb_stripped_v1_multicast.v
fpga/verilog/stripped/tb_stripped_v1_orcombine.v	fpga/archive/arria10_super_line/verilog/stripped/tb_stripped_v1_orcombine.v
fpga/verilog/stripped/tb_stripped_v1_program.v	fpga/archive/arria10_super_line/verilog/stripped/tb_stripped_v1_program.v
fpga/verilog/stripped/tb_stripped_v1_relay.v	fpga/archive/arria10_super_line/verilog/stripped/tb_stripped_v1_relay.v
fpga/verilog/stripped/tb_stripped_v1_relaymismatch.v	fpga/archive/arria10_super_line/verilog/stripped/tb_stripped_v1_relaymismatch.v
fpga/verilog/stripped/tb_stripped_v1_ring.v	fpga/archive/arria10_super_line/verilog/stripped/tb_stripped_v1_ring.v
fpga/verilog/stripped/tb_stripped_v1_selfupdate.v	fpga/archive/arria10_super_line/verilog/stripped/tb_stripped_v1_selfupdate.v
fpga/verilog/stripped/tb_stripped_v2_2cell.v	fpga/archive/arria10_super_line/verilog/stripped/tb_stripped_v2_2cell.v
fpga/verilog/stripped/tb_stripped_v2_branch.v	fpga/archive/arria10_super_line/verilog/stripped/tb_stripped_v2_branch.v
fpga/verilog/stripped/tb_stripped_v2_dynroute_gate.v	fpga/archive/arria10_super_line/verilog/stripped/tb_stripped_v2_dynroute_gate.v
fpga/verilog/stripped/tb_stripped_v2_feedback.v	fpga/archive/arria10_super_line/verilog/stripped/tb_stripped_v2_feedback.v
fpga/verilog/stripped/tb_stripped_v2_hold.v	fpga/archive/arria10_super_line/verilog/stripped/tb_stripped_v2_hold.v
fpga/verilog/stripped/tb_stripped_v2_program.v	fpga/archive/arria10_super_line/verilog/stripped/tb_stripped_v2_program.v
fpga/verilog/stub_alterafpf_add_single_corrected/tb_stub_alterafpf_add_single_corrected_v1.v	fpga/archive/arria10_super_line/verilog/stub_alterafpf_add_single_corrected/tb_stub_alterafpf_add_single_corrected_v1.v
fpga/verilog/stub_alterafpf_add_single_corrected/tb_stub_alterafpf_add_single_v1.v	fpga/archive/arria10_super_line/verilog/stub_alterafpf_add_single_corrected/tb_stub_alterafpf_add_single_v1.v
fpga/verilog/stub_alterafpf_ge_single_comb/tb_stub_alterafpf_ge_single_comb_v1.v	fpga/archive/arria10_super_line/verilog/stub_alterafpf_ge_single_comb/tb_stub_alterafpf_ge_single_comb_v1.v
fpga/verilog/stub_issp_bram_icm/tb_stub_issp_bram_icm_v1.v	fpga/archive/arria10_super_line/verilog/stub_issp_bram_icm/tb_stub_issp_bram_icm_v1.v
fpga/verilog/stub_issp_dsp/tb_stub_issp_dsp_v1.v	fpga/archive/arria10_super_line/verilog/stub_issp_dsp/tb_stub_issp_dsp_v1.v
fpga/verilog/stub_issp_sentinel_gather/tb_stub_issp_sentinel_gather_v1.v	fpga/archive/arria10_super_line/verilog/stub_issp_sentinel_gather/tb_stub_issp_sentinel_gather_v1.v
fpga/verilog/super_latch_wrapper/super_latch_wrapper_v1.v	fpga/archive/arria10_super_line/verilog/super_latch_wrapper/super_latch_wrapper_v1.v
fpga/verilog/super_nano_feedback/tb_super_nano_feedback_v1.v	fpga/archive/arria10_super_line/verilog/super_nano_feedback/tb_super_nano_feedback_v1.v
fpga/verilog/top_accumulator_pulse_mode_test/top_accumulator_pulse_mode_test_v1.v	fpga/archive/arria10_super_line/verilog/top_accumulator_pulse_mode_test/top_accumulator_pulse_mode_test_v1.v
fpga/verilog/top_adder_chain50/tb_top_adder_chain50_v1.v	fpga/archive/arria10_super_line/verilog/top_adder_chain50/tb_top_adder_chain50_v1.v
fpga/verilog/top_adder_chain50/top_adder_chain50_v1.v	fpga/archive/arria10_super_line/verilog/top_adder_chain50/top_adder_chain50_v1.v
fpga/verilog/top_adder_subtract_test/top_adder_subtract_test_v1.v	fpga/archive/arria10_super_line/verilog/top_adder_subtract_test/top_adder_subtract_test_v1.v
fpga/verilog/top_bram_controller_test/tb_top_bram_controller_test_v1.v	fpga/archive/arria10_super_line/verilog/top_bram_controller_test/tb_top_bram_controller_test_v1.v
fpga/verilog/top_bram_controller_test/top_bram_controller_test_v1.v	fpga/archive/arria10_super_line/verilog/top_bram_controller_test/top_bram_controller_test_v1.v
fpga/verilog/top_bram_icm_hostbridge/top_bram_icm_hostbridge_v1.v	fpga/archive/arria10_super_line/verilog/top_bram_icm_hostbridge/top_bram_icm_hostbridge_v1.v
fpga/verilog/top_branch_cell_test/top_branch_cell_test_v1.v	fpga/archive/arria10_super_line/verilog/top_branch_cell_test/top_branch_cell_test_v1.v
fpga/verilog/top_collector_mechanism/top_collector_mechanism_v1.v	fpga/archive/arria10_super_line/verilog/top_collector_mechanism/top_collector_mechanism_v1.v
fpga/verilog/top_compare_test/top_compare_test_v1.v	fpga/archive/arria10_super_line/verilog/top_compare_test/top_compare_test_v1.v
fpga/verilog/top_dsp_chain/top_dsp_chain_v1.v	fpga/archive/arria10_super_line/verilog/top_dsp_chain/top_dsp_chain_v1.v
fpga/verilog/top_full_tree_system/tb_top_full_tree_system_v1.v	fpga/archive/arria10_super_line/verilog/top_full_tree_system/tb_top_full_tree_system_v1.v
fpga/verilog/top_full_tree_system/top_full_tree_system_v1.v	fpga/archive/arria10_super_line/verilog/top_full_tree_system/top_full_tree_system_v1.v
fpga/verilog/top_latch_toggle_test/top_latch_toggle_test_v1.v	fpga/archive/arria10_super_line/verilog/top_latch_toggle_test/top_latch_toggle_test_v1.v
fpga/verilog/top_moat_tile/top_moat_tile_v1.v	fpga/archive/arria10_super_line/verilog/top_moat_tile/top_moat_tile_v1.v
fpga/verilog/top_ram_chain50/tb_top_ram_chain50_v1.v	fpga/archive/arria10_super_line/verilog/top_ram_chain50/tb_top_ram_chain50_v1.v
fpga/verilog/top_ram_chain50/top_ram_chain50_v1.v	fpga/archive/arria10_super_line/verilog/top_ram_chain50/top_ram_chain50_v1.v
fpga/verilog/top_sentinel_discrete_test/tb_top_sentinel_discrete_test_v2.v	fpga/archive/arria10_super_line/verilog/top_sentinel_discrete_test/tb_top_sentinel_discrete_test_v2.v
fpga/verilog/top_sentinel_discrete_test/top_sentinel_discrete_test_v1.v	fpga/archive/arria10_super_line/verilog/top_sentinel_discrete_test/top_sentinel_discrete_test_v1.v
fpga/verilog/top_sentinel_discrete_test/top_sentinel_discrete_test_v2.v	fpga/archive/arria10_super_line/verilog/top_sentinel_discrete_test/top_sentinel_discrete_test_v2.v
fpga/verilog/top_sentinel_gather_1way/top_sentinel_gather_1way_v1.v	fpga/archive/arria10_super_line/verilog/top_sentinel_gather_1way/top_sentinel_gather_1way_v1.v
fpga/verilog/top_sentinel_gather_1way/top_sentinel_gather_v1.v	fpga/archive/arria10_super_line/verilog/top_sentinel_gather_1way/top_sentinel_gather_v1.v
fpga/verilog/top_sentinel_gather_bram/top_sentinel_gather_bram_v1.v	fpga/archive/arria10_super_line/verilog/top_sentinel_gather_bram/top_sentinel_gather_bram_v1.v
fpga/verilog/top_sentinel_gather_shared_bram/top_sentinel_gather_shared_bram_v1.v	fpga/archive/arria10_super_line/verilog/top_sentinel_gather_shared_bram/top_sentinel_gather_shared_bram_v1.v
fpga/verilog/top_sentinel_gather_shared_bram/top_sentinel_gather_shared_bram_v2.v	fpga/archive/arria10_super_line/verilog/top_sentinel_gather_shared_bram/top_sentinel_gather_shared_bram_v2.v
fpga/verilog/top_sentinel_gather_shared_bram/top_sentinel_gather_shared_bram_v3.v	fpga/archive/arria10_super_line/verilog/top_sentinel_gather_shared_bram/top_sentinel_gather_shared_bram_v3.v
fpga/verilog/top_sentinel_issp_test/top_sentinel_issp_test_v1.v	fpga/archive/arria10_super_line/verilog/top_sentinel_issp_test/top_sentinel_issp_test_v1.v
fpga/verilog/top_stripped_grid5x5_both/top_stripped_grid5x5_both_v1.v	fpga/archive/arria10_super_line/verilog/top_stripped_grid5x5_both/top_stripped_grid5x5_both_v1.v
fpga/verilog/top_stripped_grid5x5_both/top_stripped_grid5x5_both_v2.v	fpga/archive/arria10_super_line/verilog/top_stripped_grid5x5_both/top_stripped_grid5x5_both_v2.v
fpga/verilog/top_stripped_grid5x5_both/top_stripped_grid5x5_v1.v	fpga/archive/arria10_super_line/verilog/top_stripped_grid5x5_both/top_stripped_grid5x5_v1.v
fpga/verilog/top_stripped_grid5x5_cardinal/top_stripped_grid5x5_cardinal_v1.v	fpga/archive/arria10_super_line/verilog/top_stripped_grid5x5_cardinal/top_stripped_grid5x5_cardinal_v1.v
fpga/verilog/top_stripped_grid5x5_command/top_stripped_grid5x5_command_v1.v	fpga/archive/arria10_super_line/verilog/top_stripped_grid5x5_command/top_stripped_grid5x5_command_v1.v
fpga/verilog/top_stripped_grid5x5_wrapper/top_stripped_grid5x5_wrapper_v1.v	fpga/archive/arria10_super_line/verilog/top_stripped_grid5x5_wrapper/top_stripped_grid5x5_wrapper_v1.v
fpga/verilog/top_stripped_ring_test/top_stripped_ring_test_v1.v	fpga/archive/arria10_super_line/verilog/top_stripped_ring_test/top_stripped_ring_test_v1.v
fpga/verilog/top_stripped_zone240/top_stripped_zone240_v1.v	fpga/archive/arria10_super_line/verilog/top_stripped_zone240/top_stripped_zone240_v1.v
fpga/verilog/top_stripped_zone500/top_stripped_zone500_v1.v	fpga/archive/arria10_super_line/verilog/top_stripped_zone500/top_stripped_zone500_v1.v
fpga/verilog/top_stripped_zone50_addons/top_stripped_zone50_addons_v1.v	fpga/archive/arria10_super_line/verilog/top_stripped_zone50_addons/top_stripped_zone50_addons_v1.v
fpga/verilog/top_stripped_zone50_addons/top_stripped_zone50_v1.v	fpga/archive/arria10_super_line/verilog/top_stripped_zone50_addons/top_stripped_zone50_v1.v
fpga/verilog/top_stripped_zone750/top_stripped_zone750_v1.v	fpga/archive/arria10_super_line/verilog/top_stripped_zone750/top_stripped_zone750_v1.v
fpga/verilog/top_stripped_zone750/top_stripped_zone750_v2.v	fpga/archive/arria10_super_line/verilog/top_stripped_zone750/top_stripped_zone750_v2.v
fpga/verilog/top_stripped_zone750/top_stripped_zone750_v3.v	fpga/archive/arria10_super_line/verilog/top_stripped_zone750/top_stripped_zone750_v3.v
fpga/verilog/top_stripped_zone750/top_stripped_zone750_v4.v	fpga/archive/arria10_super_line/verilog/top_stripped_zone750/top_stripped_zone750_v4.v
fpga/verilog/top_stripped_zone750/top_stripped_zone750_v5.v	fpga/archive/arria10_super_line/verilog/top_stripped_zone750/top_stripped_zone750_v5.v
fpga/verilog/top_stripped_zone750/top_stripped_zone750_v5_progw_tiedoff.v	fpga/archive/arria10_super_line/verilog/top_stripped_zone750/top_stripped_zone750_v5_progw_tiedoff.v
fpga/verilog/top_super_nano_feedback_test/top_super_nano_feedback_test_v1.v	fpga/archive/arria10_super_line/verilog/top_super_nano_feedback_test/top_super_nano_feedback_test_v1.v
fpga/verilog/top_super_nano_feedback_test/top_super_v3_branch_test_v1.v	fpga/archive/arria10_super_line/verilog/top_super_nano_feedback_test/top_super_v3_branch_test_v1.v
fpga/verilog/top_unicell_super_test/top_unicell_super_test_v1.v	fpga/archive/arria10_super_line/verilog/top_unicell_super_test/top_unicell_super_test_v1.v
fpga/verilog/top_unicell_super_test/top_unicell_super_test_v2.v	fpga/archive/arria10_super_line/verilog/top_unicell_super_test/top_unicell_super_test_v2.v
fpga/verilog/top_unicell_super_test/top_unicell_super_test_v3.v	fpga/archive/arria10_super_line/verilog/top_unicell_super_test/top_unicell_super_test_v3.v
fpga/verilog/top_unicell_super_test/top_unicell_super_test_v4.v	fpga/archive/arria10_super_line/verilog/top_unicell_super_test/top_unicell_super_test_v4.v
fpga/verilog/top_unicell_super_test/top_unicell_super_test_v5.v	fpga/archive/arria10_super_line/verilog/top_unicell_super_test/top_unicell_super_test_v5.v
fpga/verilog/top_unicell_super_test/top_unicell_super_test_v6.v	fpga/archive/arria10_super_line/verilog/top_unicell_super_test/top_unicell_super_test_v6.v
fpga/verilog/top_unicell_super_test/top_unicell_super_test_v7.v	fpga/archive/arria10_super_line/verilog/top_unicell_super_test/top_unicell_super_test_v7.v
fpga/verilog/top_unicell_super_test/top_unicell_super_test_v8.v	fpga/archive/arria10_super_line/verilog/top_unicell_super_test/top_unicell_super_test_v8.v
fpga/verilog/top_unicell_super_test/top_unicell_super_test_v9.v	fpga/archive/arria10_super_line/verilog/top_unicell_super_test/top_unicell_super_test_v9.v
fpga/verilog/top_unicell_super_test/top_unicell_super_v3_freeinput_v1.v	fpga/archive/arria10_super_line/verilog/top_unicell_super_test/top_unicell_super_v3_freeinput_v1.v
fpga/verilog/unicell_stripped/unicell_stripped_v1.v	fpga/archive/arria10_super_line/verilog/unicell_stripped/unicell_stripped_v1.v
fpga/verilog/unicell_stripped/unicell_stripped_v2.v	fpga/archive/arria10_super_line/verilog/unicell_stripped/unicell_stripped_v2.v
fpga/verilog/unicell_stripped/unicell_stripped_v3.v	fpga/archive/arria10_super_line/verilog/unicell_stripped/unicell_stripped_v3.v
fpga/verilog/watchdog/watchdog_v1.v	fpga/archive/arria10_super_line/verilog/watchdog/watchdog_v1.v
fpga/verilog/wrapped_experimental_diff/tb_wrapped_experimental_diff_v1.v	fpga/archive/arria10_super_line/verilog/wrapped_experimental_diff/tb_wrapped_experimental_diff_v1.v
fpga/verilog/wrapper_freeze_cascade/tb_wrapper_freeze_cascade.v	fpga/archive/arria10_super_line/verilog/wrapper_freeze_cascade/tb_wrapper_freeze_cascade.v
fpga/verilog/wrapper_freeze_cascade/tb_wrapper_v2.v	fpga/archive/arria10_super_line/verilog/wrapper_freeze_cascade/tb_wrapper_v2.v
fpga/verilog/zone500_freeze/tb_zone500_freeze.v	fpga/archive/arria10_super_line/verilog/zone500_freeze/tb_zone500_freeze.v
fpga/verilog/zone50_freeze/tb_zone50_freeze.v	fpga/archive/arria10_super_line/verilog/zone50_freeze/tb_zone50_freeze.v
fpga/verilog/zone750/tb_zone750_v2_freeze.v	fpga/archive/arria10_super_line/verilog/zone750/tb_zone750_v2_freeze.v
fpga/verilog/zone750/tb_zone750_v3_freeze.v	fpga/archive/arria10_super_line/verilog/zone750/tb_zone750_v3_freeze.v
fpga/verilog/zone750/tb_zone750_v4_freeze.v	fpga/archive/arria10_super_line/verilog/zone750/tb_zone750_v4_freeze.v
fpga/verilog/zone750/tb_zone750_v5_freeze.v	fpga/archive/arria10_super_line/verilog/zone750/tb_zone750_v5_freeze.v
fpga/verilog/zone750_freeze/tb_zone750_freeze.v	fpga/archive/arria10_super_line/verilog/zone750_freeze/tb_zone750_freeze.v
